objectid,title,type,category,location,creator,format,description,material,identifier,language,source,keywords,object_location,image_small,image_thumbs,display_template
2007.4697,Bowl,Container,Container,"Loreto department, Peru",Unknown Urarina maker,image/jpeg,The small bowl has a slightly flared rim and is slightly lopsided. It is undecorated and light brown. Late 1800's-1996. 7 x 10 cm; 2 3/4 x 3 7/8 in,Ceramic,2007.4697,English,Gift of Bartholomew Dean,Ceramic;Container,/objects/2007.4697.jpg,/objects/small/2007.4697_sm.jpg,/objects/thumbs/2007.4697_th.jpg,image
2007.4698,Small Bowl,Container,Container,"Loreto department, Peru",Unknown Urarina maker,image/jpeg,,Ceramic,2007.4698,English,Gift of Bartholomew Dean,Ceramic;Paint;Container,/objects/2007.4698.jpg,/objects/small/2007.4698_sm.jpg,/objects/thumbs/2007.4698_th.jpg,image
2007.4699,Bowl,Container,Default,"Loreto department, Peru",Unknown Urarina maker,image/jpeg,"The wide, shallow bowl has a slightly flaring rim. It has a white field and the exterior is decorated with a yellow ""X"" and two yellow chevrons in the space between each arm. The interior is undecorated, but the rim is yellow. Late 1800s-1996. 5 x 18.5 cm",Ceramic,2007.4699,English,Gift of Bartholomew Dean,Ceramic;Paint;Container,/objects/2007.4699.jpg,/objects/small/2007.4699_sm.jpg,/objects/thumbs/2007.4699_th.jpg,image
2007.4700,Bowl,Container,Container,"Loreto department, Peru",Unknown Urarina maker,image/jpeg,,Ceramic,2007.4700,English,Gift of Bartholomew Dean,Ceramic;Container,/objects/2007.4700.jpg,/objects/small/2007.4700_sm.jpg,/objects/thumbs/2007.4700_th.jpg,image
2007.4701,Bowl,Container,Container,"Loreto department, Peru",Unknown Urarina maker,image/jpeg,,Ceramic,2007.4701,English,Gift of Bartholomew Dean,Ceramic;Container,/objects/2007.4701.jpg,/objects/small/2007.4701_sm.jpg,/objects/thumbs/2007.4701_th.jpg,image
2007.4702,Bowl,Container,Container,"Loreto department, Peru",Unknown Urarina maker,image/jpeg,,Ceramic,2007.4702,English,Gift of Bartholomew Dean,Ceramic;Container,/objects/2007.4702.jpg,/objects/small/2007.4702_sm.jpg,/objects/thumbs/2007.4702_th.jpg,image
2007.4703,Bowl,Container,Container,"Loreto department, Peru",Unknown Urarina maker,image/jpeg,,Ceramic,2007.4703,English,Gift of Bartholomew Dean,Ceramic;Container,/objects/2007.4703.jpg,/objects/small/2007.4703_sm.jpg,/objects/thumbs/2007.4703_th.jpg,image
2007.4704,Bowl,Container,Container,"Loreto department, Peru",Unknown Urarina maker,image/jpeg,,Ceramic,2007.4704,English,Gift of Bartholomew Dean,Ceramic;Container,/objects/2007.4704.jpg,/objects/small/2007.4704_sm.jpg,/objects/thumbs/2007.4704_th.jpg,image
2007.4705,Bowl,Container,Container,"Loreto department, Peru",Unknown Urarina maker,image/jpeg,,Ceramic,2007.4705,English,Gift of Bartholomew Dean,Ceramic;Container,/objects/2007.4705.jpg,/objects/small/2007.4705_sm.jpg,/objects/thumbs/2007.4705_th.jpg,image
2007.4706,Bowl,Container,Container,"Loreto department, Peru",Unknown Urarina maker,image/jpeg,,Ceramic,2007.4706,English,Gift of Bartholomew Dean,Ceramic;Container,/objects/2007.4706.jpg,/objects/small/2007.4706_sm.jpg,/objects/thumbs/2007.4706_th.jpg,image
2007.4707,Bowl,Container,Container,"Loreto department, Peru",Unknown Urarina maker,image/jpeg,,Ceramic,2007.4707,English,Gift of Bartholomew Dean,Ceramic;Container,/objects/2007.4707.jpg,/objects/small/2007.4707_sm.jpg,/objects/thumbs/2007.4707_th.jpg,image
2007.4708,Bowl,Container,Container,"Loreto department, Peru",Unknown Urarina maker,image/jpeg,,Ceramic,2007.4708,English,Gift of Bartholomew Dean,Ceramic;Container,/objects/2007.4708.jpg,/objects/small/2007.4708_sm.jpg,/objects/thumbs/2007.4708_th.jpg,image
2007.4709,Bowl,Container,Container,"Loreto department, Peru",Unknown Urarina maker,image/jpeg,,Ceramic,2007.4709,English,Gift of Bartholomew Dean,Ceramic;Container,/objects/2007.4709.jpg,/objects/small/2007.4709_sm.jpg,/objects/thumbs/2007.4709_th.jpg,image
2007.4711,Bowl,Container,Container,"Loreto department, Peru",Unknown Urarina maker,image/jpeg,,Ceramic,2007.4711,English,Gift of Bartholomew Dean,Ceramic;Container,/objects/2007.4711.jpg,/objects/small/2007.4711_sm.jpg,/objects/thumbs/2007.4711_th.jpg,image
2007.4713,Bowl,Container,Default,"Loreto department, Peru",Unknown Urarina maker,image/jpeg,The bowl has flared sides and a flat bottom. It has a red exterior and a black interior. Late 1800s-1996. 10 x 28.5 cm; 3 7/8 x 11 1/4 in,Ceramic,2007.4713,English,Gift of Bartholomew Dean,Ceramic;Container,/objects/2007.4713.jpg,/objects/small/2007.4713_sm.jpg,/objects/thumbs/2007.4713_th.jpg,image
2007.4714,Bowl,Container,Container,"Loreto department, Peru",Unknown Urarina maker,image/jpeg,,Ceramic,2007.4714,English,Gift of Bartholomew Dean,Ceramic;Container,/objects/2007.4714.jpg,/objects/small/2007.4714_sm.jpg,/objects/thumbs/2007.4714_th.jpg,image
2007.4812,Basket with Handle,Container,Container,"Loreto department, Peru",Unknown Urarina maker,image/jpeg,"The basket has a round body that tapers as it gets taller. One handle spans the opening, though it is broken. It is dark brown but otherwise undecorated. It is slightly lopsided. Late 1800s-2007. 21.5 x 25 x 29.5 cm depth includes handle; 8 7/16 x 9 13/16",plant fiber;weaving,2007.4812,English,Gift of Bartholomew Dean,Plant fiber;Weaving;Container,/objects/2007.4812.jpg,/objects/small/2007.4812_sm.jpg,/objects/thumbs/2007.4812_th.jpg,image
2007.4827,Storage Basket,Container,Container,"Loreto department, Peru",Unknown Urarina maker,image/jpeg,"The bottom and sides of the rectangular basket are created from strips of palm fiber stitched together at either end and the middle. The bottom edge and rim appear to be wood to provide structure, held in place with plant fiber string. Late 1800s-1996. 15&nbsp;x 27 x 49.5 cm; 5 7/8 x 10 5/8 x 19 1/2 in",Palm fiber;plant fiber;wood,2007.4827,English,Gift of Bartholomew Dean,Palm fiber;Plant fiber;Wood;Container,/objects/2007.4827.jpg,/objects/small/2007.4827_sm.jpg,/objects/thumbs/2007.4827_th.jpg,image
2007.4828,Storage Basket,Container,Container,"Loreto department, Peru",Unknown Urarina maker,image/jpeg,"The bottom and sides of the rectangular basket are created from strips of palm fiber stitched together at either end and the middle. The bottom edge and rim appear to be wood to provide structure, held in place with plant fiber string. Late 1800s-1996. 15 x 24 x 48.5 cm; 5 7/8 x 9 7/16 x 19 1/8 in",Palm fiber;plant fiber;wood,2007.4828,English,Gift of Bartholomew Dean,Palm fiber;Plant fiber;Wood;Container,/objects/2007.4828.jpg,/objects/small/2007.4828_sm.jpg,/objects/thumbs/2007.4828_th.jpg,image
2007.4873,Child's Hammock,Furniture and furnishings,Furniture and furnishings,"Loreto department, Peru",Unknown Urarina maker,image/jpeg,The small hammock is made from twisted plant fiber cords knotted at regular intervals. There are wooden rods at either end. It is a light natural color with two darker brown stripes in the hammock. The ropes at either end are braided plant fibers. Late 1800s-1996.&nbsp;65 x 32.5 cm length does not include straps; 25 9/16 x 12 3/4 in length does not include straps,plant fiber;wood;braiding;dyeing,2007.4873,English,Gift of Bartholomew Dean,Plant fiber;Wood;Braiding;Dyeing;Furniture and furnishings,/objects/2007.4873.jpg,/objects/small/2007.4873_sm.jpg,/objects/thumbs/2007.4873_th.jpg,image
2007.4874,Pillow,Furniture and furnishings,Furniture and furnishings,"Loreto department, Peru",Unknown Urarina maker,image/jpeg,The small rectangular pillow is possibly stuffed with cloth. The exterior of the pillow is woven from fine plant fiber strings. Light natural stripes alternate with darker brown. The stripes are parallel to the long axis of the rectangle. Late 1800s-early 2000s.&nbsp;37.5 x 23.5 x 11.5 cm; 14 3/4 x 9 1/4 x 4 1/2 in,plant fiber;possibly cloth;weaving;dyeing,2007.4874,English,Gift of Bartholomew Dean,Plant fiber;Possibly cloth;Weaving;Dyeing;Furniture and furnishings,/objects/2007.4874.jpg,/objects/small/2007.4874_sm.jpg,/objects/thumbs/2007.4874_th.jpg,image
2007.4883,Quiver and Gourd with Poison Darts,Weapon,Weapon,"Loreto department, Peru",Unknown Urarina maker,image/jpeg,"The bamboo tube has a resin plug at one end. It is decorated with diagonal lines at the open end and three bands of dark string. The strap is made of woven plant fiber. A small object, possibly a bone, is tethered at one side of the handle and there is a small metal tab at the other. There are four arrows or darts in the quiver. The round gourd, called a pate, is filled with plant fiber. The gourd was once attached to the tube. One large hole is drilled on one side and two smaller holes are drilled on the other side.&nbsp;Late 1800s-2007.&nbsp;.01) 68 x 9.5 x 4.5 cm; .01) 26 3/4 x 3 3/4 x 1 3/4 in ; .02) 9 x 11.5 cm; .02) 3 1/2 x 4 1/2 in",Bamboo;plant fiber;gum resin;gourd;string;metal;possibly bone;capok fiber;weaving;incising,2007.4883,English,Gift of Bartholomew Dean,Bamboo;Plant fiber;Gum resin;Gourd;String;Metal;Possibly bone;Capok fiber;Weaving;Incising;Weapon,/objects/2007.4883.jpg,/objects/small/2007.4883_sm.jpg,/objects/thumbs/2007.4883_th.jpg,image
2007.4887,Jad√© (quiver with darts),Weapon,Weapon,"Loreto department, Peru",Unknown Urarina maker,image/jpeg,The quiver is made from a bamboo tube closed at one end with a thick coat of resin. The open end is decorated with a band of chevrons. The tube is decorated with incised lines in erratic shapes. A small stick is tied to the shaft with twisted plant fiber cord. The stick holds a brown spherical gourd with a small opening that shows fluffy white plant fiber filling. There is a strap of woven plant fiber held in place with a band of green cord. A bundle of grasses inside holds the darts in place. There is a small tuft of downy white material caught on the end of a dart. 1900s.&nbsp;18 x 12.5 x 34 cm length without strap; 7 1/16 x 4 7/8 x 13 3/8 in length without strap,Marona wood;gum resin;pate gourd;huimba fiber;tamishi vine;chambira palm fiber;weaving;incising,2007.4887,English,Gift of Bartholomew Dean,Marona wood;Gum resin;Pate gourd;Huimba fiber;Tamishi vine;Chambira palm fiber;Weaving;Incising;Weapon,/objects/2007.4887.jpg,/objects/small/2007.4887_sm.jpg,/objects/thumbs/2007.4887_th.jpg,image
2007.4890,Toy Boat,Recreational artifacts,Recreational artifacts,"Loreto department, Peru",Unknown Urarina maker,image/jpeg,"The roughly carved boat has a flat roof supported by four posts. The two planks were originally the sides to the structure atop the boat but are not currently attached. Long green string is tied to a nail at the flat end and there is short green string at the nail at the pointed end. ""Jose Nurive Joguisto"" is handwritten in pencil on the proper left side of the boat. It is a light natural color. Late 1800s-1996.&nbsp;12.5 x 11.5 x 35 cm; 4 7/8 x 4 1/2 x 13 3/4 in",wood;string;carving,2007.4890,English,Gift of Bartholomew Dean,Wood;String;Carving;Recreational artifacts,/objects/2007.4890.jpg,/objects/small/2007.4890_sm.jpg,/objects/thumbs/2007.4890_th.jpg,image
2007.5083,Fan,Clothing accessory,Clothing accessory,"Loreto department, Peru",Unknown Urarina maker,image/jpeg,The fan has a round woven blade. The ends of the plant fibers are gathered at one end into a handle. It is brown with lighter plant fibers around the perimeter of the blade. Late 1800s-1996.&nbsp;26 x 29 x 2 cm; 14 1/8 x 11 3/8 x 3/4 in,plant fiber;weaving,2007.5083,English,Gift of Bartholomew Dean,Plant fiber;Weaving;Clothing accessory,/objects/2007.5083.jpg,/objects/small/2007.5083_sm.jpg,/objects/thumbs/2007.5083_th.jpg,image
2007.5084,Fan or Flyswatter,Clothing accessory,Clothing accessory,"Loreto department, Peru",Unknown Urarina maker,image/jpeg,The hand held fan has a round woven blade. The loose ends of the fibers are gathered together into a handle bundled with dark green yarn.&nbsp;Late 1800s-1996.&nbsp;34 x 24.5 x 2 cm; 13 3/8 x 9 5/8 x 3/4 in,plant fiber;yarn;weaving;dyeing,2007.5084,English,Gift of Bartholomew Dean,Plant fiber;Yarn;Weaving;Dyeing;Clothing accessory,/objects/2007.5084.jpg,/objects/small/2007.5084_sm.jpg,/objects/thumbs/2007.5084_th.jpg,image
2007.5085,Fan or Flyswatter,Clothing accessory,Clothing accessory,"Loreto department, Peru",Unknown Urarina maker,image/jpeg,The handheld fan has a round blade. The loose ends of the fibers are bundled into a handle. It is brown.&nbsp;Late 1800s-1996.&nbsp;37 x 29 x 2.5 cm; 14 9/16 x 11 3/8 x 1 in,plant fiber;weaving,2007.5085,English,Gift of Bartholomew Dean,Plant fiber;Weaving;Clothing accessory,/objects/2007.5085.jpg,/objects/small/2007.5085_sm.jpg,/objects/thumbs/2007.5085_th.jpg,image
2007.5086,Fan,Clothing accessory,Clothing accessory,"Loreto department, Peru",Unknown Urarina maker,image/jpeg,"The handheld fan has a round woven blade. The loose ends are bundled into a handle, held in place with cord. Late 1800s-1996.&nbsp;48 x 36.5 x 4 cm; 18 7/8 x 14 3/8 x 1 9/16 in",plant fiber;cord;weaving,2007.5086,English,Gift of Bartholomew Dean,Plant fiber;Cord;Weaving;Clothing accessory,/objects/2007.5086.jpg,/objects/small/2007.5086_sm.jpg,/objects/thumbs/2007.5086_th.jpg,image
2007.5091,Sifter,Culinary equipment,Culinary equipment,"Loreto department, Peru",Unknown Urarina maker,image/jpeg,"The flat square tray has a bundle of fibers around each edge. The bottom portion is woven from light and dark fibers, giving a striped effect. The edges are bundles of fibers held in place with plant fiber strings. It was used to sift foreign matter from casava when making beer. Late 1800s-2007.&nbsp;50 x 47 x 6 cm; 19 5/8 x 18 1/2 x 2 3/8 in",Possibly tomishi fiber;palm leaf fiber;weaving,2007.5091,English,Gift of Bartholomew Dean,Possibly tomishi fiber;Palm leaf fiber;Weaving;Culinary equipment,/objects/2007.5091.jpg,/objects/small/2007.5091_sm.jpg,/objects/thumbs/2007.5091_th.jpg,image
2007.5092,Sifter,Culinary equipment,Culinary equipment,"Loreto department, Peru",Unknown Urarina maker,image/jpeg,The flat square tray's bottom is woven from light natural and light brown fibers in a diagonal pattern. The edges are bundled fibers held in place with plant fiber cords. There is a braided plant fiber cord handle at one corner. It was used to sift foreign matter from cassava when making beer. Late 1800s-2007.&nbsp;46 x 41 x 4 cm; 18 1/8 x 16 1/8 x 1 9/16 in,Possibly tomishi fiber;palm leaf fiber;weaving;braiding,2007.5092,English,Gift of Bartholomew Dean,Possibly tomishi fiber;Palm leaf fiber;Weaving;Braiding;Culinary equipment,/objects/2007.5092.jpg,/objects/small/2007.5092_sm.jpg,/objects/thumbs/2007.5092_th.jpg,image
2007.5093,Mat,Covering,Covering,"Loreto department, Peru",Unknown Urarina maker,image/jpeg,The large rectangular mat was apparently woven in two long strips with a seam down the middle. The light natural and brown stripes alternate. There are thin dark brown stripes between. Late 1800s-1996.&nbsp;198 x 120 cm; 77 15/16 x 47 1/4 in,plant fiber;weaving,2007.5093,English,Gift of Bartholomew Dean,Plant fiber;Weaving;Covering,/objects/2007.5093.jpg,/objects/small/2007.5093_sm.jpg,/objects/thumbs/2007.5093_th.jpg,image
2007.5094,Mat,Covering,Covering,"Loreto department, Peru",Unknown Urarina maker,image/jpeg,"The long, thin rectangular mat has light natural colored stripes alternating with brown stripes. There are thin dark brown stripes between. Late 1800s-1996.&nbsp;176 x 72.5 cm; 69 1/4 x 28 1/2 in",plant fiber;weaving,2007.5094,English,Gift of Bartholomew Dean,Plant fiber;Weaving;Covering,/objects/2007.5094.jpg,/objects/small/2007.5094_sm.jpg,/objects/thumbs/2007.5094_th.jpg,image
2007.5095,Mat,Covering,Covering,"Loreto department, Peru",Unknown Urarina maker,image/jpeg,The rectangular mat has light natural and brown stripes. There is one pink stripe in lieu of brown and two stripes that are pink and brown. The thin dark brown stripes separate the others. Late 1800s-1996.&nbsp;140 x 44.5 cm; 55 1/8 x 17 1/2 in,plant fiber;weaving;dyeing,2007.5095,English,Gift of Bartholomew Dean,Plant fiber;Weaving;Dyeing;Covering,/objects/2007.5095.jpg,/objects/small/2007.5095_sm.jpg,/objects/thumbs/2007.5095_th.jpg,image
2007.5096,Mat,Covering,Covering,"Loreto department, Peru",Unknown Urarina maker,image/jpeg,The large rectangular mat was apparently woven in two strips and sewn together. It has light natural stripes and brown stripes with thin dark brown stripes between. Each panel has a light blue stripe down the center with a thin red stripe along the lateral edge. Late 1800s-1996.&nbsp;191 x 113 cm; 75 3/16 x 44 1/2 in,plant fiber;yarn;weaving;dyeing,2007.5096,English,Gift of Bartholomew Dean,Plant fiber;Yarn;Weaving;Dyeing;Covering,/objects/2007.5096.jpg,/objects/small/2007.5096_sm.jpg,/objects/thumbs/2007.5096_th.jpg,image
2007.5097,Rope,Tool,Tool,"Loreto department, Peru",Unknown Urarina maker,image/jpeg,"The length of rope was made from braided plant fiber. One end has a knot, the other has a small loop. It is brown. Late 1800s-2002.&nbsp;426 cm; 167 11/16 in",plant fiber;braiding,2007.5097,English,Gift of Bartholomew Dean,Plant fiber;Braiding;Tools,/objects/2007.5097.jpg,/objects/small/2007.5097_sm.jpg,/objects/thumbs/2007.5097_th.jpg,image
2007.5098,Spoon,Culinary equipment,Culinary equipment,"Loreto department, Peru",Unknown Urarina maker,image/jpeg,The wooden spoon has a relatively large oval shaped bowl. It has a straight handle. It was made from a light natural colored wood. Late 1800s-1996.&nbsp;31 x 7.5 x 3 cm; 12 3/16 x 2 15/16 x 1 1/8 in,wood;carving,2007.5098,English,Gift of Bartholomew Dean,Wood;Carving;Culinary equipment,/objects/2007.5098.jpg,/objects/small/2007.5098_sm.jpg,/objects/thumbs/2007.5098_th.jpg,image
2007.5099,Spoon,Culinary equipment,Culinary equipment,"Loreto department, Peru",Unknown Urarina maker,image/jpeg,"The wooden spoon has a shallow oval bowl. It has a short, straight handle. It is dark brown. Late 1800s-1996.&nbsp;22 x 6 x 2.5 cm; 8 5/8 x 2 3/8 x 1 in",wood;carving,2007.5099,English,Gift of Bartholomew Dean,Wood;Carving;Culinary equipment,/objects/2007.5099.jpg,/objects/small/2007.5099_sm.jpg,/objects/thumbs/2007.5099_th.jpg,image
2007.5100,Spoon,Culinary equipment,Culinary equipment,"Loreto department, Peru",Unknown Urarina maker,image/jpeg,The wooden spoon has a round bowl and a short handle. It has a trapezoid shape at the end of the handle. It is a light natural color. Late 1800s-1996.&nbsp;17.5 x 5 x 2 cm; 6 7/8 x 1 15/16 x 3/4 in,wood;carving,2007.5100,English,Gift of Bartholomew Dean,Wood;Carving;Culinary equipment,/objects/2007.5100.jpg,/objects/small/2007.5100_sm.jpg,/objects/thumbs/2007.5100_th.jpg,image
2007.5101,Spoon,Culinary equipment,Culinary equipment,"Loreto department, Peru",Unknown Urarina maker,image/jpeg,The wooden spoon has a round bowl and a straight handle. There is a groove at the junction between the handle and the bowl. It is dark brown. Late 1800s-1996.&nbsp;22.5 x 6.5 x 2.5 cm; 8 7/8 x 2 1/2 x 1 in,wood;carving,2007.5101,English,Gift of Bartholomew Dean,Wood;Carving;Culinary equipment,/objects/2007.5101.jpg,/objects/small/2007.5101_sm.jpg,/objects/thumbs/2007.5101_th.jpg,image
2007.5102,Spoon,Culinary equipment,Culinary equipment,"Loreto department, Peru",Unknown Urarina maker,image/jpeg,"The large wooden spoon has a shallow, round bowl and a straight handle. There is a trapezoid and triangles at the end of the handle. There is a groove at the joint with the bowl. Late 1800s-1996.&nbsp;48 x 9 x 3 cm; 18 7/8 x 3 1/2 x 1 1/8 in",wood;carving,2007.5102,English,Gift of Bartholomew Dean,Wood;Carving;Culinary equipment,/objects/2007.5102.jpg,/objects/small/2007.5102_sm.jpg,/objects/thumbs/2007.5102_th.jpg,image
2007.5103,Spoon,Culinary equipment,Culinary equipment,"Loreto department, Peru",Unknown Urarina maker,image/jpeg,The wooden spoon has a large round bowl. It has a relatively short straight handle. There is a narrow trapezoid at the end of the handle. It is dark brown. Late 1800s-1996.&nbsp;32.5 x 10.5 x 2.5 cm; 12 3/4 x 4 1/8 x 1 in,wood;carving,2007.5103,English,Gift of Bartholomew Dean,Wood;Carving;Culinary equipment,/objects/2007.5103.jpg,/objects/small/2007.5103_sm.jpg,/objects/thumbs/2007.5103_th.jpg,image
2007.5104,Spoon,Culinary equipment,Culinary equipment,"Loreto department, Peru",Unknown Urarina maker,image/jpeg,The wood spoon has a round bowl and a triangle at the end of the handle. It is dark brown. Late 1800s-1996.&nbsp;36 x 6 x 2.5 cm; 14 1/8 x 2 3/8 x 1 in,wood;carving,2007.5104,English,Gift of Bartholomew Dean,Wood;Carving;Culinary equipment,/objects/2007.5104.jpg,/objects/small/2007.5104_sm.jpg,/objects/thumbs/2007.5104_th.jpg,image
2007.5105,Spoon,Culinary equipment,Culinary equipment,"Loreto department, Peru",Unknown Urarina maker,image/jpeg,"The large wooden spoon has a round, shallow bowl and a straight handle. It is dark brown. Late 1800s-1996.&nbsp;47 x 11 x 3 cm; 18 1/2 x 4 5/16 x 1 1/8 in",wood;carving,2007.5105,English,Gift of Bartholomew Dean,Wood;Carving;Culinary equipment,/objects/2007.5105.jpg,/objects/small/2007.5105_sm.jpg,/objects/thumbs/2007.5105_th.jpg,image
2007.5106,Pan Pipes,Musical instrument,Musical instrument,"Loreto department, Peru",Unknown Urarina maker,image/jpeg,"This is a set of 13 pipes of graduated sizes, held together at the top with a length of plant fiber woven over a stabilizing piece of wood on each side. It is a light natural color. Late 1800s-1996.&nbsp;14.5 x 12 x 1.5 cm; 5 11/16 x 4 3/4 x 9/16 in",Reed;plant fiber;wood,2007.5106,English,Gift of Bartholomew Dean,Reed;Plant fiber;Wood;Musical instruments,/objects/2007.5106.jpg,/objects/small/2007.5106_sm.jpg,/objects/thumbs/2007.5106_th.jpg,image
2007.5107,Spinning Top,Recreational artifacts,Recreational artifacts,"Loreto department, Peru",Unknown Urarina maker,image/jpeg,"The roughly carved conical wooden spinning top has a metal tip and a small cylindrical handle at the top. It is brown. A palm fiber pull cord, which is not present, is used to make it spin. Late 1800s-2002.&nbsp;6 x 4.5 cm; 2 3/8 x 1 3/4 in",wood;metal,2007.5107,English,Gift of Bartholomew Dean,Wood;Metal;Recreational artifacts,/objects/2007.5107.jpg,/objects/small/2007.5107_sm.jpg,/objects/thumbs/2007.5107_th.jpg,image
2007.5108,Spinning Top,Recreational artifacts,Recreational artifacts,"Loreto department, Peru",Unknown Urarina maker,image/jpeg,"The spinning top is made from a small round gourd and a small peg-like handle of wood held in place with resin. There is a small resin knob at the bottom of the gourd and a small hole in the gourd. It is dark brown but the handle is a light natural color. A palm fiber pull cord, which is not present, is used to make this spin. Late 1800s-2002.&nbsp;8.5 x 4 cm; 3 3/8 x 1 9/16 in",gourd;wood;gum resin,2007.5108,English,Gift of Bartholomew Dean,Gourd;Wood;Gum resin;Recreational artifacts,/objects/2007.5108.jpg,/objects/small/2007.5108_sm.jpg,/objects/thumbs/2007.5108_th.jpg,image
2007.5109,Pestle,Culinary equipment,Culinary equipment,"Loreto department, Peru",Unknown Urarina maker,image/jpeg,"The wooden cylinder has a very wide recessed area near one end that is slightly rounded, to act as a handle. There is a small knob at the end. It is dark brown.&nbsp;Late 1800s-1996.&nbsp;40 x 6 cm; 15 3/4 x 2 3/8 in",wood;carving,2007.5109,English,Gift of Bartholomew Dean,Wood;Carving;Culinary equipment,/objects/2007.5109.jpg,/objects/small/2007.5109_sm.jpg,/objects/thumbs/2007.5109_th.jpg,image
2007.5110,Paddle,Watercraft and equipment,Watercraft and equipment,"Loreto department, Peru",Unknown Urarina maker,image/jpeg,The wooden paddle has a leaf-shaped blade and a cylindrical shaft. There is a small handle at the end of the shaft. It is a light natural color. Late 1800s-2002.98 x 17.5 x 3 cm; 38 9/16 x 6 7/8 x 1 1/8 in,wood;carving,2007.5110,English,Gift of Bartholomew Dean,Wood;Carving;Watercraft and equipment,/objects/2007.5110.jpg,/objects/small/2007.5110_sm.jpg,/objects/thumbs/2007.5110_th.jpg,image
2007.5111,Paddle,Watercraft and equipment,Watercraft and equipment,"Loreto department, Peru",Unknown Urarina maker,image/jpeg,The wooden paddle has a leaf-shaped blade and a cylindrical shaft. There is a small handle at the end of the shaft. It is a light natural color.&nbsp;Late 1800s-2002.&nbsp;118.5 x 24 x 3 cm; 46 5/8 x 9 7/16 x 1 1/8 in,wood;carving,2007.5111,English,Gift of Bartholomew Dean,Wood;Carving;Watercraft and equipment,/objects/2007.5111.jpg,/objects/small/2007.5111_sm.jpg,/objects/thumbs/2007.5111_th.jpg,image
2007.5112,Ceremonial Staff,Sculpture,Sculpture,"Loreto department, Peu",Unknown Urarina maker,image/jpeg,"The long, straight piece of wood is rectangular with rounded corners in cross section. It tapers toward a rectangle at one end with four notches on either side. It is light brown. This is used both for percussion and balance during hallucinogenic curing sessions.&nbsp;Late 1800s-2002.&nbsp;128 x 7 x 3 cm; 50 3/8 x 2 3/4 x 1 1/8 in",wood;carving,2007.5112,English,Gift of Bartholomew Dean,Wood;Carving;Sculpture,/objects/2007.5112.jpg,/objects/small/2007.5112_sm.jpg,/objects/thumbs/2007.5112_th.jpg,image
2007.5113,Shaman's Necklace,Jewelry,Jewelry,"Loreto department, Peru",Unknown Urarina maker,image/jpeg,"The necklace has a single strand of shell fragments, pointed teeth, hoof, and one dark claw. The teeth and shells are on a cord which is attached to a narrow woven band. A portion of the necklace doesn't have shell or teeth, and that portion is wrapped with plant fiber cord. There is a cord covered with clusters of red and black seeds and clusters of smaller white seeds. That string is attached near the top of the shell and teeth portion of the necklace. There are two more strings, one alternates red and white seeds and the other is primarily black/red seeds with a few white seeds. These strings also attach near the top of the shell and tooth portion, though they appear to hang loosely.&nbsp;Late 1800s-2002.&nbsp;61 x 47 x 7 cm; 24 x 18 1/2 x 2 3/4 in",Fiber;weaving,2007.5113,English,Gift of Bartholomew Dean,Fiber;Weaving;Jewelry,/objects/2007.5113.jpg,/objects/small/2007.5113_sm.jpg,/objects/thumbs/2007.5113_th.jpg,image
2007.5114,Shaman's Necklace,Jewelry,Jewelry,"Loreto department, Peru",Unknown Urarina maker,image/jpeg,"The necklace has a single strand of shell fragments, pointed teeth, hoof and one jaguar tooth. The teeth and shells are on a cord which is attached to a narrow woven band. A portion of the necklace doesn't have shell or teeth, and that portion is wrapped with plant fiber cord. There are two cords covered with clusters of red and black seeds and clusters of smaller white seeds that attach near the top of the shell and teeth portion of the necklace.",Palm fiber;shell;seed;unidentified fiber;giant anteater claw;jaguar claw,2007.5114,English,Gift of Bartholomew Dean,Palm fiber;Shell;Seeds;Unidentified fiber;Giant anteater claw;Jaguar claw;Jewelry,/objects/2007.5114.jpg,/objects/small/2007.5114_sm.jpg,/objects/thumbs/2007.5114_th.jpg,image
2007.5115,Necklace,Jewelry,Jewelry,"Loreto department, Peru",Unknown Urarina maker,image/jpeg,"The necklace has seven strands of black seeds joined to a single plant fiber cord that ties at the back. There are two teeth, one shell, and a brown seed at the front bottom on the longest strand.&nbsp;Late 1800s-2002.&nbsp;32.5 x 12 cm; 12 3/4 x 4 3/4 in",Palm fiber;seeds;possibly gum resin;shell;ocelot teeth,2007.5115,English,Gift of Bartholomew Dean,Palm fiber;Seeds;Possibly gum resin;Shell;Ocelot teeth;Jewelry,/objects/2007.5115.jpg,/objects/small/2007.5115_sm.jpg,/objects/thumbs/2007.5115_th.jpg,image
2007.5116,Necklace,Jewelry,Jewelry,"Loreto department, Peru",Unknown Urarina maker,image/jpeg,"The multistrand necklace of beads is joined to a single strand of palm fiber cord that ties in the back. Most of the strands are single colors: dark blue, light blue, orange, and black. Two of the strands have two colors: light blue and yellow or dark green and translucent blue.&nbsp;Late 1800s-2002.&nbsp;31 x 10 cm; 12 3/16 x 3 7/8 in",Palm fiber;beads,2007.5116,English,Gift of Bartholomew Dean,Palm fiber;Beads;Jewelry,/objects/2007.5116.jpg,/objects/small/2007.5116_sm.jpg,/objects/thumbs/2007.5116_th.jpg,image
2007.5117,Rattle,Musical instrument,Musical instrument,"Loreto department, Peru",Unknown Urarina maker,image/jpeg,Four loops of plant fiber cord are strung with brown seed shells. There is a plant fiber string to hang the rattle. It was intended to be hung on the hammock of an infant.&nbsp;Late 1800s-2002.&nbsp;32 x 12 cm; 12 5/8 x 4 3/4 in,seeds;plant fiber,2007.5117,English,,Seeds;Plant fiber;Musical instruments,/objects/2007.5117.jpg,/objects/small/2007.5117_sm.jpg,/objects/thumbs/2007.5117_th.jpg,image
2007.5118,Necklace,Jewelry,Jewelry,"Loreto department, Peru",Unknown Urarina maker,image/jpeg,The single strand of twisted plant fiber has five large black seeds and one very large round brown seed.&nbsp;Late 1800s-1996.&nbsp;25 x 9 cm; 9 13/16 x 3 1/2 in,seeds;plant fiber,2007.5118,English,Gift of Bartholomew Dean,Seeds;Plant fiber;Jewelry,/objects/2007.5118.jpg,/objects/small/2007.5118_sm.jpg,/objects/thumbs/2007.5118_th.jpg,image
2007.5119,Necklace,Jewelry,Jewelry,"Loreto department, Peru",Unknown Urarina maker,image/jpeg,"The multiple strands of beads and seeds are joined to a single strand of twisted plant fiber to tie. There are strands of beads in light blue, yellow, red and colorless beads. There are strands of small brown seeds with beads and the longest strand has small brown seeds, separated by beads with teeth along the front segment.&nbsp;Late 1800s-1996.&nbsp;26 x 29 cm; 10 1/4 x 11 3/8 in",beads;seeds;monkey teeth;plant fiber,2007.5119,English,Gift of Bartholomew Dean,Beads;Seeds;Monkey teeth;Plant fiber;Jewelry,/objects/2007.5119.jpg,/objects/small/2007.5119_sm.jpg,/objects/thumbs/2007.5119_th.jpg,image
2007.5120,Necklace,Jewelry,Jewelry,"Loreto department, Peru",Unknown Urarina maker,image/jpeg,The single strand of twisted plant fiber string has small dark brown seeds at the front. Some are separated by red beads and one white bead.&nbsp;Late 1800s-1996.&nbsp;34 x 6 cm; 13 3/8 x 2 3/8 in,plant fiber;seeds;beads,2007.5120,English,Gift of Bartholomew Dean,Plant fiber;Seeds;Beads;Jewelry,/objects/2007.5120.jpg,/objects/small/2007.5120_sm.jpg,/objects/thumbs/2007.5120_th.jpg,image
2007.5121,Necklace,Jewelry,Jewelry,"Loreto department, Peru",Unknown Urarina maker,image/jpeg,The single strand necklace has small brown seeds with white or red beads between them. There is a large snail shell at the front center and small teeth on either side. It is strung on plant fiber.&nbsp;Late 1800s-1996.&nbsp;36 x 4.5 cm; 14 1/8 x 1 3/4 in,plant fiber;beads;monkey teeth;shell;seeds,2007.5121,English,Gift of Bartholomew Dean,Plant fiber;Beads;Monkey teeth;Shell;Seeds;Jewelry,/objects/2007.5121.jpg,/objects/small/2007.5121_sm.jpg,/objects/thumbs/2007.5121_th.jpg,image
2007.5122,Necklace,Jewelry,Jewelry,"Loreto department, Peru",Unknown Urarina maker,image/jpeg,"The single strand of twisted plant fiber has three spiral shells, a brown seed and a large pointed tooth.&nbsp;Late 1800s-2002.&nbsp;31 x 12 cm; 12 3/16 x 4 3/4 in",shell;collared peccary tooth;seeds;Palm fiber,2007.5122,English,Gift of Bartholomew Dean,Shell;Collared peccary tooth;Seeds;Palm fiber;Jewelry,/objects/2007.5122.jpg,/objects/small/2007.5122_sm.jpg,/objects/thumbs/2007.5122_th.jpg,image
2007.5123,Necklace,Jewelry,Jewelry,"Loreto department, Peru",Unknown Urarina maker,image/jpeg,The single strand of twisted plant fiber has a cluster of large spiral shells and pointed brown nut shells at the front.&nbsp;Late 1800s-2002.&nbsp;39 x 11.5 cm; 15 3/8 x 4 1/2 in,plant fiber;shell;seeds,2007.5123,English,Gift of Bartholomew Dean,Plant fiber;Shell;Seeds;Jewelry,/objects/2007.5123.jpg,/objects/small/2007.5123_sm.jpg,/objects/thumbs/2007.5123_th.jpg,image
2007.5124,Necklace,Jewelry,Jewelry,"Loreto department, Peru",Unknown Urarina maker,image/jpeg,The single strand of twisted plant fiber is strung with red beads and large spiral shells at the front. There are small brown seeds (round and pointed) and small teeth interspersed with red beads.&nbsp;Late 1800s-1996.&nbsp;31 x 14 cm; 12 3/16 x 5 1/2 in,plant fiber;beads;monkey teeth;shell;seeds,2007.5124,English,Gift of Bartholomew Dean,Plant fiber;Beads;Monkey teeth;Shell;Seeds;Jewelry,/objects/2007.5124.jpg,/objects/small/2007.5124_sm.jpg,/objects/thumbs/2007.5124_th.jpg,image
2007.5125,Necklace,Jewelry,Jewelry,"Loreto department, Peru",Unknown Urarina maker,image/jpeg,The single strand of twisted plant fiber is strung with light colored seeds and brown-red seeds which mostly alternate. The pendant at the front is a large dark brown clay and a portion of a large black insect.&nbsp;Late 1800s-2002.&nbsp;36 x 6 cm; 14 1/8 x 2 3/8 in,Palm fiber;seeds;gladiator beetle;anteater claw,2007.5125,English,Gift of Bartholomew Dean,Palm fiber;Seeds;Gladiator beetle;Anteater claw;Jewelry,/objects/2007.5125.jpg,/objects/small/2007.5125_sm.jpg,/objects/thumbs/2007.5125_th.jpg,image
2007.5126,Necklace,Jewelry,Jewelry,"Loreto department, Peru",Unknown Urarina maker,image/jpeg,The five strands of dark brown seeds are strung on twisted plant fiber which comes together for a single twisted plant fiber tie. Most of the seeds are small and round. Some seeds on the botom strand are larger. Late 1800s-2002.&nbsp;30 x 12 cm; 11 3/4 x 4 3/4 in,Palm fiber;seeds,2007.5126,English,Gift of Bartholomew Dean,Palm fiber;Seeds;Jewelry,/objects/2007.5126.jpg,/objects/small/2007.5126_sm.jpg,/objects/thumbs/2007.5126_th.jpg,image
2007.5127,Necklace,Jewelry,Jewelry,"Loreto department, Peru",Unknown Urarina maker,image/jpeg,"The single strand of twisted plant fiber has round red and black seeds interspersed with segments of pink, yellow and red beads. Late 1800s-2002.&nbsp;31 x 5 cm; 12 3/16 x 1 15/16 in",plant fiber;beads;seeds,2007.5127,English,Gift of Bartholomew Dean,Plant fiber;Beads;Seeds;Jewelry,/objects/2007.5127.jpg,/objects/small/2007.5127_sm.jpg,/objects/thumbs/2007.5127_th.jpg,image
2007.5128,Necklace,Jewelry,Jewelry,"Loreto department, Peru",Unknown Urarina maker,image/jpeg,The single strand of small brown seeds is interspersed with segments of red or white beads. There are small teeth at one end of the necklace. It is strung on twisted plant fiber.&nbsp;Late 1800s-1996.&nbsp;36 x 7 cm; 14 1/8 x 2 3/4 in,beads;seeds;possibly ocelot teeth;possibly monkey teeth;plant fiber,2007.5128,English,Gift of Bartholomew Dean,Beads;Seeds;Possibly ocelot teeth;Possibly monkey teeth;Plant fiber;Jewelry,/objects/2007.5128.jpg,/objects/small/2007.5128_sm.jpg,/objects/thumbs/2007.5128_th.jpg,image
2007.5129,Necklace,Jewelry,Jewelry,"Loreto department, Peru",Unknown Urarina maker,image/jpeg,The length of blue cloth is folded over and teeth of graduated size are sewn into most of the length. The ends are left free to tie. It is a choker.&nbsp;Late 1800s-2007.&nbsp;39 x 4 cm; 15 3/8 x 1 9/16 in,Cloth;monkey teeth;thread,2007.5129,English,Gift of Bartholomew Dean,Cloth;Monkey teeth;Thread;Jewelry,/objects/2007.5129.jpg,/objects/small/2007.5129_sm.jpg,/objects/thumbs/2007.5129_th.jpg,image
2007.5130,Necklace,Jewelry,Jewelry,"Loreto department, Peru",Unknown Urarina maker,image/jpeg,The length of unbleached cloth is folded over and stitched closed. Teeth of graduated size are sewn into the cloth. The ends of the necklace are left free to tie.&nbsp;Late 1800s-2007.&nbsp;62 x 5 cm; 24 3/8 x 1 15/16 in,Cloth;thread;monkey teeth;possibly ocelot teeth,2007.5130,English,Gift of Bartholomew Dean,Cloth;Thread;Monkey teeth;Possibly ocelot teeth;Jewelry,/objects/2007.5130.jpg,/objects/small/2007.5130_sm.jpg,/objects/thumbs/2007.5130_th.jpg,image
2007.5131,Necklace,Jewelry,Jewelry,"Loreto department, Peru",Unknown Urarina maker,image/jpeg,"The length of unbleached cloth is stitched to dark blue cloth, folded and stitched. Teeth of graduated size are sewn into one side. The ends are left free to tie.&nbsp;Late 1800s-2007.&nbsp;51 x 4 cm; 20 1/16 x 1 9/16 in",Cloth;thread;monkey teeth;possibly ocelot teeth,2007.5131,English,Gift of Bartholomew Dean,Cloth;Thread;Monkey teeth;Possibly ocelot teeth;Jewelry,/objects/2007.5131.jpg,/objects/small/2007.5131_sm.jpg,/objects/thumbs/2007.5131_th.jpg,image
2007.5132,Necklace,Jewelry,Jewelry,"Loreto department, Peru",Unknown Urarina maker,image/jpeg,The single strand of red and black seeds are strung on twisted plant fiber.&nbsp;Late 1800s-2007.&nbsp;42 x 6 cm; 16 1/2 x 2 3/8 in,Palm fiber;seeds,2007.5132,English,Gift of Bartholomew Dean,Palm fiber;Seeds;Jewelry,/objects/2007.5132.jpg,/objects/small/2007.5132_sm.jpg,/objects/thumbs/2007.5132_th.jpg,image
2007.5133,Necklace,Jewelry,Jewelry,"Loreto department, Peru",Unknown Urarina maker,image/jpeg,"The single strand necklace has pink beads on one half and white beads on the other, interspersed with small brown seeds and teeth.&nbsp;Late 1800s-1996.&nbsp;33 x 10 cm; 13 x 3 7/8 in",possibly ocelot teeth;possibly monkey teeth;beads;seeds;plant fiber,2007.5133,English,Gift of Bartholomew Dean,Possibly ocelot teeth;Possibly monkey teeth;Beads;Seeds;Plant fiber;Jewelry,/objects/2007.5133.jpg,/objects/small/2007.5133_sm.jpg,/objects/thumbs/2007.5133_th.jpg,image
2007.5134,Necklace,Jewelry,Jewelry,"Loreto department, Peru",Unknown Urarina maker,image/jpeg,The single strand of pink beads is strung on plant fiber. Small brown seeds are interspersed for much of the length and teeth are interspersed at the front.&nbsp;Late 1800s-1996.&nbsp;37 x 8 cm; 14 9/16 x 3 1/8 in,beads;seeds;possibly ocelot teeth;possibly monkey teeth;plant fiber,2007.5134,English,Gift of Bartholomew Dean,Beads;Seeds;Possibly ocelot teeth;Possibly monkey teeth;Plant fiber;Jewelry,/objects/2007.5134.jpg,/objects/small/2007.5134_sm.jpg,/objects/thumbs/2007.5134_th.jpg,image
2007.5135,Necklace,Jewelry,Jewelry,"Loreto department, Peru",Unknown Urarina maker,image/jpeg,The necklace has multiple strands of orange beads that join to a single twisted fiber plant tie on either end. The beads on the shorter strands are interspersed with small seeds and teeth on the lower strands.&nbsp;Late 1800s-1996.&nbsp;36 x 20 cm; 14 1/8 x 7 7/8 in,plant fiber;beads;seeds;monkey teeth,2007.5135,English,Gift of Bartholomew Dean,Plant fiber;Beads;Seeds;Monkey teeth;Jewelry,/objects/2007.5135.jpg,/objects/small/2007.5135_sm.jpg,/objects/thumbs/2007.5135_th.jpg,image
2007.5136,Necklace,Jewelry,Jewelry,"Loreto department, Peru",Unknown Urarina maker,image/jpeg,"The single strand of beads is interspersed with small brown seeds. The segments of the necklace have beads in dark blue, white and pink.&nbsp;Late 1800s-2007.&nbsp;33 x 7 cm; 13 x 2 3/4 in",plant fiber;piri-piri seeds;beads,2007.5136,English,Gift of Bartholomew Dean,Plant fiber;Piri-piri seeds;Beads;Jewelry,/objects/2007.5136.jpg,/objects/small/2007.5136_sm.jpg,/objects/thumbs/2007.5136_th.jpg,image
2007.5137,Necklace,Jewelry,Jewelry,"Loreto department, Peru",Unknown Urarina maker,image/jpeg,The multiple strands of red beads are strung on plant fiber and come together to a single plant fiber tie at either end. Three strands are beads only and two strands are beads interspersed with teeth.&nbsp;Late 1800s-2007.&nbsp;24 x 18 cm; 9 7/16 x 7 1/16 in,possibly ocelot teeth;possibly monkey teeth;Cloth;Palm fiber;beads,2007.5137,English,Gift of Bartholomew Dean,Possibly ocelot teeth;Possibly monkey teeth;Cloth;Palm fiber;Beads;Jewelry,/objects/2007.5137.jpg,/objects/small/2007.5137_sm.jpg,/objects/thumbs/2007.5137_th.jpg,image
2007.5138,Necklace,Jewelry,Jewelry,"Loreto department, Peru",Unknown Urarina maker,image/jpeg,"The single strand of twisted plant fiber has pointed brown seeds at the front, with segments of beads between. It has beads in light blue, yellow, red and dark blue. There is one larger white plastic piece.&nbsp;Late 1800s-1996.&nbsp;40 x 13 cm; 15 3/4 x 5 1/8 in",plant fiber;seeds;beads;plastic,2007.5138,English,Gift of Bartholomew Dean,Plant fiber;Seeds;Beads;Plastic;Jewelry,/objects/2007.5138.jpg,/objects/small/2007.5138_sm.jpg,/objects/thumbs/2007.5138_th.jpg,image
2007.5139,Necklace,Jewelry,Jewelry,"Loreto department, Peru",Unknown Urarina maker,image/jpeg,"The single strand necklace has three large spiral shells at the front. There are mostly white beads on the strand, interspersed with small brown seeds and teeth. There is a short segment of pink and another of light blue beads with other colors (yellow, orange, and green) sprinkled in. It is currently broken.&nbsp;Late 1800s-1996.&nbsp;56 x 8 cm; 22 1/16 x 3 1/8 in",plant fiber;beads;shell;seeds;monkey teeth,2007.5139,English,Gift of Bartholomew Dean,Plant fiber;Beads;Shell;Seeds;Monkey teeth;Jewelry,/objects/2007.5139.jpg,/objects/small/2007.5139_sm.jpg,/objects/thumbs/2007.5139_th.jpg,image
2007.5140,Shoulder Bag,Clothing accessory,Clothing accessory,"Loreto department, Peru",Unknown Urarina maker,image/jpeg,The small bag is woven from plant fiber with a long thin strap. The bag has horizontal stripes in light natural and brown. The strap is light natural. Late 1800s-1996.&nbsp;65 x 12.5 cm; 25 9/16 x 4 7/8 in,plant fiber;weaving;dyeing,2007.5140,English,Gift of Bartholomew Dean,Plant fiber;Weaving;Dyeing;Clothing accessory,/objects/2007.5140.jpg,/objects/small/2007.5140_sm.jpg,/objects/thumbs/2007.5140_th.jpg,image
2007.5141,Bag,Container,Container,"Loreto department, Peru",Unknown Urarina maker,image/jpeg,"The rectangular bag is open on the short side, with a long strap. A dark brown stripe is flanked by brown with a natural colored stripe between each brown stripe. The strap has brown and light natural stripes.&nbsp;Late 1800s-1996.&nbsp;62.5 x 21 cm; 24 5/8 x 8 1/4 in",plant fiber;weaving;dyeing,2007.5141,English,Gift of Bartholomew Dean,Plant fiber;Weaving;Dyeing;Container,/objects/2007.5141.jpg,/objects/small/2007.5141_sm.jpg,/objects/thumbs/2007.5141_th.jpg,image
2007.5142,Bag,Clothing accessory,Clothing accessory,"Loreto department, Peru",Unknown Urarina maker,image/jpeg,The rectangular bag is open on the short side. The light natural colored bag has horizontal brown stripes flanked by dark brown. The light natural colored handle has an open weave.&nbsp;Late 1800s-1996.&nbsp;70 x 24 cm; 27 1/2 x 9 7/16 in,plant fiber;weaving;dyeing,2007.5142,English,Gift of Bartholomew Dean,Plant fiber;Weaving;Dyeing;Clothing accessory,/objects/2007.5142.jpg,/objects/small/2007.5142_sm.jpg,/objects/thumbs/2007.5142_th.jpg,image
2007.5143,Bag,Clothing accessory,Clothing accessory,"Loreto department, Peru",Unknown Urarina maker,image/jpeg,"The nearly square bag has a strap. The bag has horizontal stripes in light natural, brown and dark brown. The strap is a light natural color with an open weave.&nbsp;Late 1800s-1996.&nbsp;71 x 36 cm; 27 15/16 x 14 1/8 in",plant fiber;weaving;dyeing,2007.5143,English,Gift of Bartholomew Dean,Plant fiber;Weaving;Dyeing;Clothing accessory,/objects/2007.5143.jpg,/objects/small/2007.5143_sm.jpg,/objects/thumbs/2007.5143_th.jpg,image
2007.5144,Bag,Clothing accessory,Clothing accessory,"Loreto department, Peru",Unknown Urarina maker,image/jpeg,"The nearly square bag has a strap. The strap and bag have the same weave. The bag has horizontal brown stripes, flanked by dark brown and separated by light natural stripes. The strap is light natural. Late 1800s-1996.&nbsp;77 x 37 cm; 30 5/16 x 14 9/16 in",plant fiber;weaving;dyeing,2007.5144,English,Gift of Bartholomew Dean,Plant fiber;Weaving;Dyeing;Clothing accessory,/objects/2007.5144.jpg,/objects/small/2007.5144_sm.jpg,/objects/thumbs/2007.5144_th.jpg,image
2007.5145,Bag,Clothing accessory,Clothing accessory,"Loreto department, Peru",Unknown Urarina maker,image/jpeg,The large rectangular bag has a strap. There are two wide stripes of dark brown with orange and brown between with a light natural field and strap. The strap is knotted.&nbsp;Late 1800s-1996.&nbsp;73 x 56 cm; 28 3/4 x 22 1/16 in,plant fiber;weaving;dyeing,2007.5145,English,Gift of Bartholomew Dean,Plant fiber;Weaving;Dyeing;Clothing accessory,/objects/2007.5145.jpg,/objects/small/2007.5145_sm.jpg,/objects/thumbs/2007.5145_th.jpg,image
2007.5146,Bag,Clothing accessory,Clothing accessory,"Loreto department, Peru",Unknown Urarina maker,image/jpeg,"The small square woven bag has a strap. The bag has horizontal stripes in red, green, dark blue, bright pink and orange. The strap is a looser weave, and has blocks of yellow, bright pink and red. Late 1800s-1996.&nbsp;37 x 19 cm; 14 9/16 x 7 1/2 in",string;weaving;dyeing,2007.5146,English,Gift of Bartholomew Dean,String;Weaving;Dyeing;Clothing accessory,/objects/2007.5146.jpg,/objects/small/2007.5146_sm.jpg,/objects/thumbs/2007.5146_th.jpg,image
2007.5147,Bag,Clothing accessory,Clothing accessory,"Loreto department, Peru",Unknown Urarina maker,image/jpeg,The small woven bag has a strap. The bag has yellow and orange stripes with a light blue bottom. It has a red strap with a bit of light blue at the top. Late 1800s-1996.&nbsp;45 x 18 cm; 17 11/16 x 7 1/16 in,string;weaving;dyeing,2007.5147,English,Gift of Bartholomew Dean,String;Weaving;Dyeing;Clothing accessory,/objects/2007.5147.jpg,/objects/small/2007.5147_sm.jpg,/objects/thumbs/2007.5147_th.jpg,image
2007.5155,Bag,Clothing accessory,Clothing accessory,"Loreto department, Peru",Unknown Urarina maker,image/jpeg,The square woven bag has a handle. The bag is a light natural color with two yellow stripes and one brown stripe.&nbsp;Late 1800s-1996.&nbsp;69 x 34 cm; 27 1/8 x 13 3/8 in,Possibly palm fiber;weaving;dyeing,2007.5155,English,Gift of Bartholomew Dean,Possibly palm fiber;Weaving;Dyeing;Clothing accessory,/objects/2007.5155.jpg,/objects/small/2007.5155_sm.jpg,/objects/thumbs/2007.5155_th.jpg,image
2007.5156,Bag,Clothing accessory,Clothing accessory,"Loreto department, Peru",Unknown Urarina maker,image/jpeg,"The rectangular bag is open on the short end. It has horizontal blue and pink stripes. Half of the handle is pink and most of the remaining half is blue but the portion adjacent to the bag is dark red, blue, green and pink. Late 1800s-1996.&nbsp;69 x 30 cm; 27 1/8 x 11 3/4 in",yarn;weaving;dyeing,2007.5156,English,Gift of Bartholomew Dean,Yarn;Weaving;Dyeing;Clothing accessory,/objects/2007.5156.jpg,/objects/small/2007.5156_sm.jpg,/objects/thumbs/2007.5156_th.jpg,image
2007.5157,Bag,Clothing accessory,Clothing accessory,"Loreto department, Peru",Unknown Urarina maker,image/jpeg,"The trapezoidal bag has a light natural colored open weave handle. The bag has horizontal stripes in red, bright pink, dark yellow, orange, black, green, dark blue and dark green. Late 1800s-1996.&nbsp;76 x 39 cm; 29 7/8 x 15 3/8 in",yarn;weaving;dyeing,2007.5157,English,Gift of Bartholomew Dean,Plant fiber;Yarn;Weaving;Dyeing;Clothing accessory,/objects/2007.5157.jpg,/objects/small/2007.5157_sm.jpg,/objects/thumbs/2007.5157_th.jpg,image
2007.5159,Doll,Sculpture,Sculpture,"Loreto department, Peru",Unknown Urarina maker,image/jpeg,The very roughly carved human figure has a stub-like suggestion of arms and widely spaced legs. There are no facial features or other decoration. It is made of light natural wood. Late 1800s-1996.&nbsp;21 x 7.5 x 4 cm; 8 1/4 x 2 15/16 x 1 9/16 in,wood;carving,2007.5159,English,Gift of Bartholomew Dean,Wood;Carving;Sculpture,/objects/2007.5159.jpg,/objects/small/2007.5159_sm.jpg,/objects/thumbs/2007.5159_th.jpg,image
2007.5160,Doll,Sculpture,Sculpture,"Loreto department, Peru",Unknown Urarina maker,image/jpeg,The very roughly carved human figure has a stub-like suggestion of arms and widely spaced legs. There are no facial features or other decoration. It is made of light natural wood. Late 1800s-1996.&nbsp;33 x 7 x 4.5 cm; 13 x 2 3/4 x 1 3/4 in,wood;carving,2007.5160,English,Gift of Bartholomew Dean,Wood;Carving;Sculpture,/objects/2007.5160.jpg,/objects/small/2007.5160_sm.jpg,/objects/thumbs/2007.5160_th.jpg,image
2007.5161,Doll,Sculpture,Sculpture,"Loreto department, Peru",Unknown Urarina maker,image/jpeg,The very roughly carved human figure has a stub-like suggestion of arms and widely spaced legs. There are no facial features or other decoration. It is a light natural colored wood. Late 1800s-1996.&nbsp;22.5 x 6 x 3.5 cm; 8 7/8 x 2 3/8 x 1 3/8 in,wood;carving,2007.5161,English,Gift of Bartholomew Dean,Wood;Carving;Sculpture,/objects/2007.5161.jpg,/objects/small/2007.5161_sm.jpg,/objects/thumbs/2007.5161_th.jpg,image
2007.5162,Doll,Sculpture,Sculpture,"Loreto department, Peru",Unknown Urarina maker,image/jpeg,The very roughly carved human figure has a stub-like suggestion of arms and widely spaced legs. There are no facial features. There are two strips of frog skin wrapped around string and tied around neck. It is a light natural colored wood. Late 1800s-1996.&nbsp;11.5 x 3.5 x 2.5 cm; 4 1/2 x 1 3/8 x 1 in,wood;frog skin;string;carving,2007.5162,English,Gift of Bartholomew Dean,Wood;Frog skin;String;Carving;Sculpture,/objects/2007.5162.jpg,/objects/small/2007.5162_sm.jpg,/objects/thumbs/2007.5162_th.jpg,image
2007.5163,Drum,Musical instrument,Musical instrument,"Loreto department, Peru",Unknown Urarina maker,image/jpeg,The cylindrical drum has wooden sides and a peccary skin head on one end that is light colored with small dots. There is a hide of an unknown animal on the other end. Both heads are stretched and held in place with dark brown plant fiber rings. Strings of twisted plant fiber span the distance between the plant fiber rings. There is a strap of twisted plant fiber string tied at the middle of the drum.&nbsp;Circa 1991.&nbsp;20.5 x 25 cm; 8 1/16 x 9 13/16 in,wood;plant fiber;peccary skin;possibly hide,2007.5163,English,Gift of Bartholomew Dean,Wood;Plant fiber;Peccary skin;Possibly hide;Musical instruments,/objects/2007.5163.jpg,/objects/small/2007.5163_sm.jpg,/objects/thumbs/2007.5163_th.jpg,image
2007.5164,Fan,Clothing accessory,Clothing accessory,"Loreto department, Peru",Unknown Urarina maker,image/jpeg,"The five fan elements are possibly individual pieces, tied together with a plant fiber string. Each element has two clusters of dark grey feathers tied at either end of two sticks. Late 1800s-1996.&nbsp;29 x 13 x 6.5 cm; 11 3/8 x 5 1/8 x 2 1/2 in",Slate-colored hawk feathers;wood;plant fiber,2007.5164,English,Gift of Bartholomew Dean,Slate-colored hawk feathers;Wood;Plant fiber;Clothing accessory,/objects/2007.5164.jpg,/objects/small/2007.5164_sm.jpg,/objects/thumbs/2007.5164_th.jpg,image
2007.5165,Small Basket with Handle,Container,Container,"Loreto department, Peru",Unknown Urarina maker,image/jpeg,The small round basket has a flat bottom and sides that taper toward the top. They are light natural color with three dark yellow bands. Another dark yellow band is on the bottom. It has a thin braided handle. Late 1800s-1996.&nbsp;7 x 13 cm; 2 3/4 x 5 1/8 in,plant fiber;weaving;possibly dyeing;braiding,2007.5165,English,Gift of Bartholomew Dean,Plant fiber;Weaving;Possibly dyeing;Braiding;Container,/objects/2007.5165.jpg,/objects/small/2007.5165_sm.jpg,/objects/thumbs/2007.5165_th.jpg,image
2007.5166,Baby's Hammock,Furniture and furnishings,Furniture and furnishings,"Loreto department, Peru",Unknown Urarina maker,image/jpeg,"The small hammock is for a baby. It has a wooden rod at either end with twisted plant fiber strings netted between. Most of the hammock is light natural colored but there are two stripes of dark brown, brown, and dark brown. There are two clusters of round dark brown seeds at one end and two pieces of bone (peccary scapulae) hang off one side. It has braided strings to tie the hammock to support.&nbsp;Late 1800s-2007.&nbsp;76 x 34 cm; 29 7/8 x 13 3/8 in",plant fiber;peccary bone;seeds;wood;netting;braiding,2007.5166,English,Gift of Bartholomew Dean,Plant fiber;Peccary bone;Seeds;Wood;Netting;Braiding;Furniture and furnishings,/objects/2007.5166.jpg,/objects/small/2007.5166_sm.jpg,/objects/thumbs/2007.5166_th.jpg,image
2007.5167,Hammock,Furniture and furnishings,Furniture and furnishings,"Loreto department, Peru",Unknown Urarina maker,image/jpeg,The hammock is made of netted strings of twisted plant fibers. It is light natural with stripes of light brown and grey. The support ropes are grey and fuzzy. The hammock is currently bundled with support ropes tied around the bundle to secure it.&nbsp;Late 1800s-1996.&nbsp;42 x 30 x 19 cm bundled; 16 1/2 x 11 3/4 x 7 1/2 in bundled,plant fiber;netting;possibly dyeing,2007.5167,English,Gift of Bartholomew Dean,Plant fiber;Netting;Possibly dyeing;Furniture and furnishings,/objects/2007.5167.jpg,/objects/small/2007.5167_sm.jpg,/objects/thumbs/2007.5167_th.jpg,image
2007.5168,Mask,Masks,Masks,"Loreto department, Peru",Unknown Urarina maker,image/jpeg,"The mask is made from corrugated board. It is currently flattened, so the original shape is unknown. It has large ears at the sides of the top that are black with panels of cayman skin. The painted face has cartoon-like eyes and a crab carapace for a nose held on with red plastic string. There are panels of cayman skin at the upper facing left corner of the face and the facing right side of the face. The rectangular corrugated panels on either side of the bottom are painted black. It was intended to be worn during a carnival.&nbsp;Late 1800s-1996.&nbsp;54.5 x 45 x 12 cm; 21 7/16 x 17 11/16 x 4 3/4 in",Cardboard;crab shell;cayman skin;paint;pigment;plastic string;cotton string,2007.5168,English,Gift of Bartholomew Dean,Cardboard;Crab shell;Cayman skin;Paint;Pigment;Plastic string;Cotton string;Masks,/objects/2007.5168.jpg,/objects/small/2007.5168_sm.jpg,/objects/thumbs/2007.5168_th.jpg,image
2007.5169,Hammock,Furniture and furnishings,Furniture and furnishings,"Loreto department, Peru",Unknown Urarina maker,image/jpeg,The hammock was made from twisted strings of light natural colored plant fibers. It has longitudinal stripes of brown and dark brown. Each end of the hammock has a wrapped segment for hanging.&nbsp;Late 1800s-1996.&nbsp;Approximately 252 x 90 cm; approximately 99 3/16 x 35 3/8 in,plant fiber;netting;dyeing,2007.5169,English,Gift of Bartholomew Dean,Plant fiber;Netting;Dyeing;Furniture and furnishings,/objects/2007.5169.jpg,/objects/small/2007.5169_sm.jpg,/objects/thumbs/2007.5169_th.jpg,image
2007.5170,Large Basket with Strap,Container,Container,"Loreto department, Peru",Unknown Urarina maker,image/jpeg,The large basket has a square bottom and a round rim. It is dark brown. A strip of plant fiber is tied to the rim at two points on one side to act as a strap.&nbsp;Late 1900s-2007.&nbsp;43 x 47.5 x 44 cm; 16 7/8 x 18 11/16 x 17 5/16 in,plant fiber;weaving,2007.5170,English,Gift of Bartholomew Dean,Plant fiber;Weaving;Container,/objects/2007.5170.jpg,/objects/small/2007.5170_sm.jpg,/objects/thumbs/2007.5170_th.jpg,image
2007.5171,Broom,Tools,Tools,"Loreto department, Peru",Unknown Urarina maker,image/jpeg,The broom has a straight wooden handle. The bristle portion has a woven band at the top and the fibers are split to make bristles. The bristles are bound together with a band of yellow wire and a second band of green string.&nbsp;Late 1800s-2007.&nbsp;143 x 28 x 12 cm; 56 1/4 x 11 x 4 3/4 in,wood;plant fiber;wire;string;iron;weaving,2007.5171,English,Gift of Bartholomew Dean,Wood;Plant fiber;Wire;String;Iron;Weaving;Tools,/objects/2007.5171.jpg,/objects/small/2007.5171_sm.jpg,/objects/thumbs/2007.5171_th.jpg,image
2007.5172,Blowgun,Animal procurement equipment,Animal procurement equipment,"Loreto department, Peru",Unknown Urarina maker,image/jpeg,The long wooden tube has a red plastic band at one end for a mouthpiece. The remainder of the tube is covered with black resin. There is a resin knob near the mouthpiece end.&nbsp;Late 1800s-2007.&nbsp;135.5 x 3 x 4.5 cm; 53 3/8 x 1 1/8 x 1 3/4 in,wood;plastic;gum resin,2007.5172,English,Gift of Bartholomew Dean,Wood;Plastic;Gum resin;Animal procurement equipment,/objects/2007.5172.jpg,/objects/small/2007.5172_sm.jpg,/objects/thumbs/2007.5172_th.jpg,image
2007.5173,Spear,Animal procurement equipment,Animal procurement equipment,"Loreto department, Peru",Unknown Urarina maker,image/jpeg,"The spear has three tines. The long portion of the handle is bamboo. The small bit of shaft adjacent to the metal portion is wood. The metal end has three small tines, each with a point and small barbs. Separate elements are joined with the black resin.&nbsp;Late 1800s-1996.&nbsp;208.5 x 3 x 2 cm; 82 1/16 x 1 1/8 x 3/4 in",Bamboo;wood;metal;gum resin,2007.5173,English,Gift of Bartholomew Dean,Bamboo;Wood;Metal;Gum resin;Animal procurement equipment,/objects/2007.5173.jpg,/objects/small/2007.5173_sm.jpg,/objects/thumbs/2007.5173_th.jpg,image
2007.5174,Loom,Furniture and furnishings,Furniture and furnishings,"Loreto department, Peru",Unknown Urarina maker,image/jpeg,"The loom contains a partially woven mat. The mat is light natural with vertical red stripes and thin brown stripes on each red. The unwoven plant fibers are the same color. There are multiple pieces of the loom consisting of: 2007.5175.a is the flat wooden board with a partially woven mat and all of the unwoven plant fiber. The length of wood has a notch at either end. 2007.5175.b is a large, long piece of wood, round in cross section with a groove at each end. I think there is a twisted plant fiber cord tied round each end. 2007.5175.c is a flat piece of wood with a straight edge and an arched edge. It is dark brown. 2007.5175.d is a long piece of wood with a triangular cross section. It is light brown. 2007.5175.e,f are two very dark brown sticks of a relatively small diameter.&nbsp;Late 1800s-1996. a x 91.5 cm; a x 36 in; b 128 x 13 cm; b 50 3/8 x 5 1/8 in; c 106.5 x 10.5 cm; c 41 7/8 x 4 1/8 in; d 92 x 5 cm; d 36 1/4 x 1 15/16 in; e 89 x 1.5 cm; e 35 1/16 x 9/16 in; f 66 x 1.5 cm; f 26 x 9/16 in",wood;plant fiber;weaving;dyeing,2007.5174,English,Gift of Bartholomew Dean,Wood;Plant fiber;Weaving;Dyeing;Furniture and furnishings,/objects/2007.5174.jpg,/objects/small/2007.5174_sm.jpg,/objects/thumbs/2007.5174_th.jpg,image